cohort_type,cohort,domains,gateway_pct,microsoft365_pct,google_pct,other_mail_pct,has_spf_pct,spf_hardfail_pct,has_dmarc_pct,dmarc_p_none_pct,dmarc_quarantine_pct,dmarc_reject_pct,dmarc_enforced_pct,spf_without_dmarc_pct,dmarc_rua_pct
all,All mail-receiving bank and credit union domains,7537,41.2,42.4,2.5,13.8,98.3,57.3,85.5,25.5,28.0,31.9,59.9,13.2,67.4
institution_type,Banks,3947,47.7,39.1,1.0,12.2,99.4,59.9,91.4,19.3,28.8,43.2,72.0,8.3,78.1
institution_type,Credit unions,3590,34.1,46.1,4.1,15.6,97.1,54.4,79.1,32.4,27.1,19.3,46.5,18.5,55.7
asset_band,Under $100M,2292,25.0,46.6,5.9,22.5,95.6,58.6,67.3,32.0,20.2,14.9,35.1,29.2,40.6
asset_band,$100M to $500M,2834,44.2,43.0,1.2,11.6,99.3,60.5,90.5,26.5,31.4,32.5,63.8,9.0,71.3
asset_band,$500M to $1B,975,50.8,39.4,0.8,9.0,99.4,58.6,96.0,19.5,36.0,40.3,76.3,3.5,83.2
asset_band,$1B to $10B,1271,53.3,38.2,0.9,7.5,99.8,48.7,97.6,17.6,29.5,50.4,79.9,2.4,91.0
asset_band,$10B and over,165,65.5,24.8,0.0,9.7,100.0,42.4,98.2,14.5,19.4,64.2,83.6,1.8,97.0
institution_type_and_asset_band,"Banks, Under $100M",466,34.1,45.3,1.3,19.3,97.6,64.8,78.8,24.7,25.8,28.1,53.9,20.2,58.8
institution_type_and_asset_band,"Banks, $100M to $500M",1806,46.4,39.9,0.9,12.8,99.6,63.3,89.8,20.6,29.4,39.6,69.0,10.0,74.5
institution_type_and_asset_band,"Banks, $500M to $1B",701,48.6,39.9,1.1,10.3,99.6,61.3,95.4,16.4,31.8,47.1,78.9,4.3,82.0
institution_type_and_asset_band,"Banks, $1B to $10B",833,53.9,36.0,1.3,8.8,99.9,51.3,97.4,16.2,28.6,52.6,81.2,2.5,89.9
institution_type_and_asset_band,"Banks, $10B and over",141,67.4,22.0,0.0,10.6,100.0,43.3,98.6,16.3,17.0,65.2,82.3,1.4,97.2
institution_type_and_asset_band,"Credit unions, Under $100M",1826,22.6,47.0,7.1,23.3,95.1,57.0,64.4,33.9,18.8,11.5,30.3,31.5,35.9
institution_type_and_asset_band,"Credit unions, $100M to $500M",1028,40.5,48.4,1.7,9.4,98.9,55.4,91.7,36.9,34.8,19.8,54.7,7.3,65.7
institution_type_and_asset_band,"Credit unions, $500M to $1B",274,56.2,38.0,0.0,5.8,98.9,51.5,97.4,27.4,46.7,23.0,69.7,1.5,86.1
institution_type_and_asset_band,"Credit unions, $1B to $10B",438,52.3,42.5,0.2,5.0,99.8,43.8,97.9,20.3,31.3,46.3,77.6,2.1,93.2
charter,"State bank, non-member",2242,47.9,39.4,0.9,11.8,99.4,61.1,91.1,19.3,29.3,42.4,71.7,8.7,76.7
charter,Federal credit union,2166,32.7,44.8,4.8,17.6,96.5,53.7,76.3,33.4,26.0,16.7,42.7,20.8,51.5
charter,"State credit union, federally insured",1353,36.2,48.2,3.1,12.5,98.1,55.1,83.1,30.6,28.8,23.5,52.3,15.3,61.9
charter,"State bank, Fed member",658,48.0,40.1,1.1,10.8,99.8,63.4,95.0,19.6,28.3,47.1,75.4,4.9,83.1
charter,National bank (OCC),613,48.3,37.2,1.6,12.9,99.3,56.1,91.5,18.8,28.4,44.2,72.6,8.2,79.3
charter,Savings institution,434,45.2,38.5,0.7,15.7,99.1,53.9,87.3,19.4,27.4,40.6,68.0,12.0,75.6
top_level_domain,.com,4674,42.5,40.9,2.0,14.5,98.6,57.5,85.1,25.5,31.4,28.1,59.5,13.8,67.6
top_level_domain,.org,1915,35.8,46.0,4.1,14.1,97.3,53.3,81.9,33.6,28.7,19.3,48.0,15.8,58.5
top_level_domain,.bank,664,49.4,40.5,0.6,9.5,99.7,67.2,99.7,0.8,0.2,98.8,98.9,0.3,93.8
top_level_domain,.net,193,40.4,46.1,3.1,10.4,97.4,59.6,80.8,26.9,33.7,20.2,53.9,17.6,59.6
top_level_domain,.coop,51,35.3,51.0,5.9,7.8,100.0,54.9,92.2,41.2,23.5,27.5,51.0,7.8,68.6
state,AL,155,51.6,35.5,0.6,12.3,98.7,54.2,81.3,29.7,29.7,21.3,51.0,18.1,63.2
state,AR,115,31.3,49.6,4.3,14.8,95.7,69.6,83.5,14.8,36.5,32.2,68.7,13.0,67.0
state,CA,326,42.6,46.9,2.5,8.0,98.5,57.4,89.9,24.8,33.4,31.6,65.0,8.6,71.8
state,CO,114,38.6,39.5,3.5,18.4,97.4,53.5,92.1,31.6,30.7,29.8,60.5,7.0,78.9
state,FL,176,48.3,38.1,1.7,11.9,98.9,59.1,93.2,21.0,36.4,35.8,72.2,5.7,72.2
state,GA,171,58.5,28.1,2.9,10.5,98.8,40.4,82.5,36.3,18.1,28.1,46.2,17.0,67.8
state,IA,264,43.2,43.6,1.1,12.1,99.6,76.1,90.2,17.0,31.4,41.3,72.7,9.5,74.2
state,IL,434,36.6,44.5,2.1,16.8,97.2,56.7,85.0,24.0,27.4,33.2,60.6,13.1,67.7
state,IN,185,38.9,45.4,0.0,15.7,100.0,55.1,87.6,27.6,34.6,25.4,60.0,12.4,62.2
state,KS,224,30.4,50.4,3.1,16.1,99.6,61.6,82.6,17.9,23.7,41.1,64.7,17.0,66.5
state,KY,160,40.0,50.6,1.2,8.1,97.5,58.8,88.8,30.6,40.6,17.5,58.1,8.8,71.9
state,LA,193,34.7,52.3,2.1,10.9,98.4,57.5,78.8,29.0,32.1,17.6,49.7,19.7,61.1
state,MA,192,44.8,39.1,1.0,15.1,99.0,46.9,85.9,22.4,33.3,29.2,62.5,13.0,71.4
state,MI,222,35.6,54.1,1.4,9.0,99.5,64.9,87.4,20.3,29.3,37.8,67.1,12.2,71.6
state,MN,283,58.3,31.4,1.4,8.8,100.0,54.8,87.3,23.7,21.2,42.4,63.6,12.7,73.9
state,MO,254,46.9,35.8,3.9,13.4,98.4,58.3,87.0,24.8,26.4,35.8,62.2,11.4,69.3
state,NE,169,55.6,37.3,1.8,5.3,99.4,72.8,88.8,14.2,38.5,36.1,74.6,10.7,69.2
state,NJ,131,28.2,39.7,4.6,27.5,95.4,50.4,77.1,35.9,19.8,20.6,40.5,18.3,55.0
state,NY,308,27.6,48.1,4.5,19.8,96.1,49.4,81.2,30.2,31.8,19.2,51.0,16.2,59.1
state,OH,308,36.4,45.8,3.9,14.0,96.8,62.3,85.7,29.9,23.7,31.8,55.5,12.3,58.4
state,OK,211,39.8,28.9,2.4,28.9,98.1,65.9,90.0,20.4,19.4,50.2,69.7,9.5,79.1
state,PA,320,35.0,39.1,4.7,21.2,96.9,45.6,76.9,35.9,18.8,21.9,40.6,20.6,49.7
state,TN,205,43.4,37.1,2.4,17.1,98.5,51.2,84.4,26.8,29.3,28.3,57.6,14.1,68.3
state,TX,644,36.2,46.0,2.5,15.4,97.7,56.5,84.8,21.4,27.3,35.7,63.0,13.4,68.5
state,VA,130,40.0,51.5,3.8,4.6,99.2,48.5,90.0,31.5,31.5,26.9,58.5,9.2,74.6
state,WA,101,31.7,60.4,1.0,6.9,100.0,57.4,87.1,29.7,29.7,27.7,57.4,12.9,72.3
state,WI,229,55.9,35.8,0.4,7.9,99.6,63.8,88.2,27.5,21.0,39.7,60.7,11.4,70.3
